"csv_post_title","csv_post_type","csv_post_post","csv_post_excerpt"
"Distance","fwddc_artist","",""
"Eskimo","fwddc_artist","",""
"Fort Knox Five","fwddc_artist","",""
"Bill Kouligas","fwddc_artist","",""
"Krust","fwddc_artist","",""
"Lil Dave","fwddc_artist","",""
"Magic Mountain High","fwddc_artist","",""
"Move D","fwddc_artist","",""
"Om Unit","fwddc_artist","",""
"Orchard Lounge","fwddc_artist","",""
"Zuzuka Poderosa","fwddc_artist","",""
"Rrose","fwddc_artist","",""
"Sabo","fwddc_artist","",""
"Nicky Siano","fwddc_artist","",""
"Josh Wink","fwddc_artist","",""
